ID,invoice_ID,timeEntry_ID,description,hours,rateSnapshot,amount
90000000-0000-0000-0000-000000000001,80000000-0000-0000-0000-000000000001,60000000-0000-0000-0000-000000000001,Implemented login module and session management,8.00,45.0000,360.0000
90000000-0000-0000-0000-000000000002,80000000-0000-0000-0000-000000000002,60000000-0000-0000-0000-000000000006,Set up CI/CD pipeline and deployment scripts,7.00,45.0000,315.0000
90000000-0000-0000-0000-000000000003,80000000-0000-0000-0000-000000000003,60000000-0000-0000-0000-000000000004,Built product listing screen and navigation flow,5.00,45.0000,225.0000
90000000-0000-0000-0000-000000000004,80000000-0000-0000-0000-000000000001,60000000-0000-0000-0000-000000000005,Integrated REST APIs for customer data retrieval,8.00,45.0000,360.0000
90000000-0000-0000-0000-000000000005,80000000-0000-0000-0000-000000000001,60000000-0000-0000-0000-000000000009,Refactored legacy code in project modules,4.00,45.0000,180.0000
90000000-0000-0000-0000-000000000006,80000000-0000-0000-0000-000000000002,60000000-0000-0000-0000-000000000010,Fixed critical bugs in production environment,5.50,65.0000,357.5000
90000000-0000-0000-0000-000000000007,80000000-0000-0000-0000-000000000004,60000000-0000-0000-0000-000000000002,Designed dashboard UI components and reviewed mockups,6.00,45.0000,270.0000
90000000-0000-0000-0000-000000000008,80000000-0000-0000-0000-000000000005,60000000-0000-0000-0000-000000000006,Set up CI/CD pipeline and deployment scripts,7.00,45.0000,315.0000
90000000-0000-0000-0000-000000000009,80000000-0000-0000-0000-000000000006,60000000-0000-0000-0000-000000000004,Built product listing screen and navigation flow,5.00,45.0000,225.0000
90000000-0000-0000-0000-000000000010,80000000-0000-0000-0000-000000000007,60000000-0000-0000-0000-000000000001,Implemented login module and session management,8.00,45.0000,360.0000
90000000-0000-0000-0000-000000000011,80000000-0000-0000-0000-000000000008,60000000-0000-0000-0000-000000000006,Set up CI/CD pipeline and deployment scripts,7.00,45.0000,315.0000
90000000-0000-0000-0000-000000000012,80000000-0000-0000-0000-000000000009,60000000-0000-0000-0000-000000000004,Built product listing screen and navigation flow,5.00,45.0000,225.0000
