ID,project_ID,month,year,status,closedAt,closedBy,totalCost,totalHours
70000000-0000-0000-0000-000000000001,40000000-0000-0000-0000-000000000001,4,2026,O,,,1575.0000,35.00
70000000-0000-0000-0000-000000000002,40000000-0000-0000-0000-000000000002,4,2026,O,,,672.5000,12.50
70000000-0000-0000-0000-000000000003,40000000-0000-0000-0000-000000000003,4,2026,O,,,357.5000,11.50
70000000-0000-0000-0000-000000000004,40000000-0000-0000-0000-000000000001,3,2026,O,,,12075.0000,172.50
70000000-0000-0000-0000-000000000005,40000000-0000-0000-0000-000000000002,3,2026,O,,,8925.0000,127.50
70000000-0000-0000-0000-000000000006,40000000-0000-0000-0000-000000000003,3,2026,O,,,4725.0000,67.50
70000000-0000-0000-0000-000000000007,40000000-0000-0000-0000-000000000001,5,2026,O,,,4875.0000,65.00
70000000-0000-0000-0000-000000000008,40000000-0000-0000-0000-000000000002,5,2026,O,,,2100.0000,30.00
70000000-0000-0000-0000-000000000009,40000000-0000-0000-0000-000000000003,5,2026,O,,,1575.0000,22.50
