ID,invoiceNumber,issueDate,dueDate,status,currency,taxRate,subtotal,taxAmount,total,notes,client_ID,billingPeriod_ID
80000000-0000-0000-0000-000000000001,INV-2026-001,2026-04-15,2026-05-15,S,MXN,16.00,360.0000,57.6000,417.6000,First invoice for Customer Portal - April 2026,30000000-0000-0000-0000-000000000001,70000000-0000-0000-0000-000000000001
80000000-0000-0000-0000-000000000002,INV-2026-002,2026-04-20,2026-05-20,D,MXN,16.00,315.0000,50.4000,365.4000,ERP Migration Phase 1 - April 2026,30000000-0000-0000-0000-000000000002,70000000-0000-0000-0000-000000000002
80000000-0000-0000-0000-000000000003,INV-2026-003,2026-04-25,2026-05-25,P,MXN,16.00,225.0000,36.0000,261.0000,Sales Mobile App initial delivery,30000000-0000-0000-0000-000000000003,70000000-0000-0000-0000-000000000003
80000000-0000-0000-0000-000000000004,INV-2026-004,2026-03-31,2026-04-30,S,MXN,16.00,12075.0000,1932.0000,14007.0000,Customer Portal March 2026 billing,30000000-0000-0000-0000-000000000001,70000000-0000-0000-0000-000000000004
80000000-0000-0000-0000-000000000005,INV-2026-005,2026-03-31,2026-04-30,S,MXN,16.00,8925.0000,1428.0000,10353.0000,ERP Migration March 2026 billing,30000000-0000-0000-0000-000000000002,70000000-0000-0000-0000-000000000005
80000000-0000-0000-0000-000000000006,INV-2026-006,2026-03-31,2026-04-30,S,MXN,16.00,4725.0000,756.0000,5481.0000,Sales Mobile App March 2026 billing,30000000-0000-0000-0000-000000000003,70000000-0000-0000-0000-000000000006
80000000-0000-0000-0000-000000000007,INV-2026-007,2026-05-15,2026-06-15,D,MXN,16.00,4875.0000,780.0000,5655.0000,Customer Portal May 2026 billing,30000000-0000-0000-0000-000000000001,70000000-0000-0000-0000-000000000007
80000000-0000-0000-0000-000000000008,INV-2026-008,2026-05-15,2026-06-15,D,MXN,16.00,2100.0000,336.0000,2436.0000,ERP Migration May 2026 billing,30000000-0000-0000-0000-000000000002,70000000-0000-0000-0000-000000000008
80000000-0000-0000-0000-000000000009,INV-2026-009,2026-05-15,2026-06-15,P,MXN,16.00,1575.0000,252.0000,1827.0000,Sales Mobile App May 2026 billing,30000000-0000-0000-0000-000000000003,70000000-0000-0000-0000-000000000009
